{
  "meta": {
    "record_id": "ADI-0003",
    "template_type": ["diario_clinico", "presa_in_carico"],
    "visit_datetime": "2026-02-17T11:00:00",
    "operator_role": "infermiere"
  },
  "patient": {
    "patient_id": "SYNTH-ADI-0003",
    "age": null,
    "sex": null
  },
  "clinical": {
    "reason_for_visit": "valutazione dolore cronico",
    "anamnesis_brief": ["diabete tipo 2"],
    "vitals": {
      "blood_pressure_systolic": 125,
      "blood_pressure_diastolic": 75,
      "heart_rate": 70,
      "temperature": 36.5,
      "spo2": null
    },
    "consciousness": null,
    "mobility": null,
    "interventions": ["controllo_parametri_vitali"],
    "critical_issues": [],
    "follow_up": null
  },
  "coding": {
    "problems_normalized": ["diabete_tipo_2", "dolore_cronico"]
  },
  "quality": {
    "missing_mandatory_fields": [],
    "warnings": []
  }
}
