{
  "meta": {
    "record_id": "ADI-0006",
    "template_type": ["diario_clinico", "presa_in_carico"],
    "visit_datetime": "2026-02-22T10:45:00",
    "operator_role": "infermiere"
  },
  "patient": {
    "patient_id": "SYNTH-ADI-0006",
    "age": null,
    "sex": null
  },
  "clinical": {
    "reason_for_visit": "valutazione dolore e controllo parametri",
    "anamnesis_brief": [],
    "vitals": {
      "blood_pressure_systolic": 120,
      "blood_pressure_diastolic": 70,
      "heart_rate": 68,
      "temperature": 36.4,
      "spo2": null
    },
    "consciousness": null,
    "mobility": null,
    "interventions": ["controllo_parametri_vitali"],
    "critical_issues": [],
    "follow_up": null
  },
  "coding": {
    "problems_normalized": ["dolore_cronico", "diabete_tipo_2"]
  },
  "quality": {
    "missing_mandatory_fields": [],
    "warnings": []
  }
}