{
  "meta": {
    "record_id": "ADI-0005",
    "template_type": ["diario_clinico", "presa_in_carico"],
    "visit_datetime": "2026-02-21T14:00:00",
    "operator_role": "infermiere"
  },
  "patient": {
    "patient_id": "SYNTH-ADI-0005",
    "age": 84,
    "sex": "F"
  },
  "clinical": {
    "reason_for_visit": "medicazione piaga da decubito",
    "anamnesis_brief": [],
    "vitals": {
      "blood_pressure_systolic": 130,
      "blood_pressure_diastolic": 80,
      "heart_rate": 75,
      "temperature": 36.5,
      "spo2": null
    },
    "consciousness": null,
    "mobility": null,
    "interventions": ["medicazione", "controllo_parametri_vitali"],
    "critical_issues": [],
    "follow_up": null
  },
  "coding": {
    "problems_normalized": ["lesione_da_pressione"]
  },
  "quality": {
    "missing_mandatory_fields": [],
    "warnings": []
  }
}