{
  "meta": {
    "record_id": "ADI-0008",
    "template_type": ["diario_clinico", "presa_in_carico"],
    "visit_datetime": "2026-02-24T16:20:00",
    "operator_role": "infermiere"
  },
  "patient": {
    "patient_id": "SYNTH-ADI-0008",
    "age": 79,
    "sex": "M"
  },
  "clinical": {
    "reason_for_visit": "rivalutazione caduta recente",
    "anamnesis_brief": [],
    "vitals": {
      "blood_pressure_systolic": 140,
      "blood_pressure_diastolic": 85,
      "heart_rate": 90,
      "temperature": 37.1,
      "spo2": null
    },
    "consciousness": null,
    "mobility": null,
    "interventions": ["controllo_parametri_vitali"],
    "critical_issues": [],
    "follow_up": "Programmato nuovo controllo"
  },
  "coding": {
    "problems_normalized": ["caduta"]
  },
  "quality": {
    "missing_mandatory_fields": [],
    "warnings": []
  }
}