{
  "meta": {
    "record_id": "ADI-0002",
    "template_type": [
      "diario_clinico",
      "presa_in_carico"
    ],
    "visit_datetime": "16/02/2026 09:15",
    "operator_role": "infermiere"
  },
  "patient": {
    "patient_id": "SYNTH-ADI-0002",
    "age": null,
    "sex": null
  },
  "clinical": {
    "reason_for_visit": "medicazione lesione da pressione",
    "anamnesis_brief": [],
    "vitals": {
      "blood_pressure_systolic": 140,
      "blood_pressure_diastolic": 90,
      "heart_rate": 80,
      "temperature": 37.2,
      "spo2": null
    },
    "consciousness": null,
    "mobility": null,
    "interventions": [
      "medicazione",
      "controllo_parametri_vitali"
    ],
    "critical_issues": [],
    "follow_up": "programmato controllo tra 3 giorni"
  },
  "coding": {
    "problems_normalized": [
      "ipertensione",
      "lesione_da_pressione"
    ]
  },
  "quality": {
    "missing_mandatory_fields": [],
    "warnings": []
  }
}